NormTemp,Month,long,lat,Date,ObsTemp
20.8182789659134,10,113.921134586049,-26.3380410580838,2025-10-15,20.395904541015625
21.2473356279705,10,113.921134586049,-24.6059902505149,2025-10-15,22.245513916015625
23.9373753346219,10,113.921134586049,-22.873939442946,2025-10-15,23.099029541015625
19.0621273210616,10,114.421134586049,-27.2040664618682,2025-10-15,19.893951416015625
21.234653353797,10,114.421134586049,-25.4720156542993,2025-10-15,22.456451416015625
22.7582144128556,10,114.421134586049,-23.7399648467305,2025-10-15,24.509185791015625
18.0824472626443,10,114.921134586049,-28.0700918656527,2025-10-15,18.356842041015625
20.7464890008589,10,114.921134586049,-26.3380410580838,2025-10-15,22.405670166015625
22.1567956679431,10,114.921134586049,-24.6059902505149,2025-10-15,23.739654541015625
24.0372881145023,10,114.921134586049,-22.873939442946,2025-10-15,26.858795166015625
15.5142593674866,10,115.421134586049,-34.1322696921437,2025-10-15,14.436920166015625
16.998829954242,10,115.421134586049,-30.668168077006,2025-10-15,16.993560791015625
17.6349694902957,10,115.421134586049,-28.9361172694371,2025-10-15,18.005279541015625
19.2224906296661,10,115.421134586049,-27.2040664618682,2025-10-15,21.259185791015625
21.3317273903583,10,115.421134586049,-25.4720156542993,2025-10-15,23.737701416015625
23.4179813367666,10,115.421134586049,-23.7399648467305,2025-10-15,25.974029541015625
24.5299787086205,10,115.421134586049,-22.0079140391616,2025-10-15,29.255279541015625
14.9953040859097,10,115.921134586049,-33.2662442883593,2025-10-15,14.013092041015625
16.1940679042443,10,115.921134586049,-31.5341934807904,2025-10-15,16.059967041015625
17.3584510797674,10,115.921134586049,-29.8021426732215,2025-10-15,17.462310791015625
18.247504556655,10,115.921134586049,-28.0700918656527,2025-10-15,20.202545166015625
20.315856981737,10,115.921134586049,-26.3380410580838,2025-10-15,22.921295166015625
23.1893490179192,10,115.921134586049,-24.6059902505149,2025-10-15,25.313873291015625
24.8141330289911,10,115.921134586049,-22.873939442946,2025-10-15,29.116607666015625
25.3228487378696,10,115.921134586049,-21.1418886353771,2025-10-15,-273.15
14.885390084057,10,116.421134586049,-34.1322696921437,2025-10-15,13.423248291015625
14.738653507564,10,116.421134586049,-32.4002188845748,2025-10-15,14.370513916015625
17.1670803221763,10,116.421134586049,-30.668168077006,2025-10-15,16.708404541015625
17.9403736256434,10,116.421134586049,-28.9361172694371,2025-10-15,19.624420166015625
20.0220409249113,10,116.421134586049,-27.2040664618682,2025-10-15,22.163482666015625
22.1681226002472,10,116.421134586049,-25.4720156542993,2025-10-15,24.188873291015625
24.3867027620303,10,116.421134586049,-23.7399648467305,2025-10-15,26.934967041015625
25.7977748100169,10,116.421134586049,-22.0079140391616,2025-10-15,28.954498291015625
14.3609421813155,10,116.921134586049,-34.9982950959282,2025-10-15,14.866607666015625
14.4450893509957,10,116.921134586049,-33.2662442883593,2025-10-15,14.224029541015625
16.1603757067468,10,116.921134586049,-31.5341934807904,2025-10-15,16.472076416015625
17.4068875064203,10,116.921134586049,-29.8021426732215,2025-10-15,18.712310791015625
19.0460403263888,10,116.921134586049,-28.0700918656527,2025-10-15,20.747467041015625
21.2062762518471,10,116.921134586049,-26.3380410580838,2025-10-15,23.661529541015625
23.9111737769532,10,116.921134586049,-24.6059902505149,2025-10-15,26.179107666015625
26.2705969333325,10,116.921134586049,-22.873939442946,2025-10-15,29.491607666015625
26.3013955329367,10,116.921134586049,-21.1418886353771,2025-10-15,31.018951416015625
14.3861865219873,10,117.421134586049,-34.1322696921437,2025-10-15,13.737701416015625
15.2500286581881,10,117.421134586049,-32.4002188845748,2025-10-15,15.628326416015625
16.7635730936271,10,117.421134586049,-30.668168077006,2025-10-15,17.780670166015625
18.2381926016414,10,117.421134586049,-28.9361172694371,2025-10-15,20.792388916015625
21.3610733825519,10,117.421134586049,-27.2040664618682,2025-10-15,22.122467041015625
22.6112017166842,10,117.421134586049,-25.4720156542993,2025-10-15,25.085357666015625
26.1087693191629,10,117.421134586049,-23.7399648467305,2025-10-15,29.227935791015625
27.1025024438469,10,117.421134586049,-22.0079140391616,2025-10-15,29.491607666015625
14.0558652461346,10,117.921134586049,-34.9982950959282,2025-10-15,15.175201416015625
14.7732345065,10,117.921134586049,-33.2662442883593,2025-10-15,14.809967041015625
16.1114344453632,10,117.921134586049,-31.5341934807904,2025-10-15,17.401763916015625
17.1323434358786,10,117.921134586049,-29.8021426732215,2025-10-15,19.917388916015625
20.0933985384016,10,117.921134586049,-28.0700918656527,2025-10-15,21.757232666015625
22.3677319217647,10,117.921134586049,-26.3380410580838,2025-10-15,24.202545166015625
24.2251018460543,10,117.921134586049,-24.6059902505149,2025-10-15,26.854888916015625
27.3235370282919,10,117.921134586049,-22.873939442946,2025-10-15,28.296295166015625
26.8346980489782,10,117.921134586049,-21.1418886353771,2025-10-15,31.229888916015625
14.3529876893247,10,118.421134586049,-34.1322696921437,2025-10-15,14.515045166015625
15.3172593703915,10,118.421134586049,-32.4002188845748,2025-10-15,16.343170166015625
16.3667714981435,10,118.421134586049,-30.668168077006,2025-10-15,18.825592041015625
18.8405741941751,10,118.421134586049,-28.9361172694371,2025-10-15,21.243560791015625
22.1501161798141,10,118.421134586049,-27.2040664618682,2025-10-15,23.186920166015625
22.7124066812009,10,118.421134586049,-25.4720156542993,2025-10-15,25.809967041015625
26.3752735085412,10,118.421134586049,-23.7399648467305,2025-10-15,29.085357666015625
27.6729326882035,10,118.421134586049,-22.0079140391616,2025-10-15,30.997467041015625
14.8883139980249,10,118.921134586049,-33.2662442883593,2025-10-15,15.491607666015625
16.3921120362827,10,118.921134586049,-31.5341934807904,2025-10-15,17.825592041015625
18.0814157458969,10,118.921134586049,-29.8021426732215,2025-10-15,20.280670166015625
20.7532918339823,10,118.921134586049,-28.0700918656527,2025-10-15,22.194732666015625
22.4468835784136,10,118.921134586049,-26.3380410580838,2025-10-15,24.835357666015625
24.5376897546145,10,118.921134586049,-24.6059902505149,2025-10-15,27.595123291015625
27.2819102668094,10,118.921134586049,-22.873939442946,2025-10-15,28.626373291015625
26.7222635673921,10,118.921134586049,-21.1418886353771,2025-10-15,31.456451416015625
14.8221559884621,10,119.421134586049,-34.1322696921437,2025-10-15,16.263092041015625
16.1324369535738,10,119.421134586049,-32.4002188845748,2025-10-15,17.040435791015625
17.0297987914905,10,119.421134586049,-30.668168077006,2025-10-15,19.802154541015625
19.0545017868337,10,119.421134586049,-28.9361172694371,2025-10-15,21.677154541015625
21.8016348933008,10,119.421134586049,-27.2040664618682,2025-10-15,23.677154541015625
23.3013020393146,10,119.421134586049,-25.4720156542993,2025-10-15,26.405670166015625
26.1694714291112,10,119.421134586049,-23.7399648467305,2025-10-15,28.882232666015625
27.2154104192209,10,119.421134586049,-22.0079140391616,2025-10-15,31.397857666015625
26.4721569976637,10,119.421134586049,-20.2758632315927,2025-10-15,30.526763916015625
15.2791394189515,10,119.921134586049,-33.2662442883593,2025-10-15,16.163482666015625
16.9652481912674,10,119.921134586049,-31.5341934807904,2025-10-15,18.472076416015625
18.3530690213038,10,119.921134586049,-29.8021426732215,2025-10-15,20.925201416015625
20.1981135185773,10,119.921134586049,-28.0700918656527,2025-10-15,23.015045166015625
22.3205395742465,10,119.921134586049,-26.3380410580838,2025-10-15,25.327545166015625
24.6278653765547,10,119.921134586049,-24.6059902505149,2025-10-15,27.815826416015625
26.8754536227992,10,119.921134586049,-22.873939442946,2025-10-15,31.020904541015625
26.8019835268489,10,119.921134586049,-21.1418886353771,2025-10-15,32.040435791015625
16.660195075884,10,120.421134586049,-32.4002188845748,2025-10-15,18.091217041015625
17.9841881622848,10,120.421134586049,-30.668168077006,2025-10-15,19.497467041015625
18.9256218358076,10,120.421134586049,-28.9361172694371,2025-10-15,22.370513916015625
20.8398939130759,10,120.421134586049,-27.2040664618682,2025-10-15,24.243560791015625
23.4386041791208,10,120.421134586049,-25.4720156542993,2025-10-15,27.120513916015625
26.1062235293978,10,120.421134586049,-23.7399648467305,2025-10-15,29.509185791015625
26.8226544463596,10,120.421134586049,-22.0079140391616,2025-10-15,30.991607666015625
26.7410839692197,10,120.421134586049,-20.2758632315927,2025-10-15,31.034576416015625
16.1764009034536,10,120.921134586049,-33.2662442883593,2025-10-15,17.192779541015625
17.7770781618117,10,120.921134586049,-31.5341934807904,2025-10-15,18.872467041015625
18.3891644120422,10,120.921134586049,-29.8021426732215,2025-10-15,21.602935791015625
19.6254343685375,10,120.921134586049,-28.0700918656527,2025-10-15,23.458404541015625
22.0747117961288,10,120.921134586049,-26.3380410580838,2025-10-15,26.009185791015625
24.4085001819374,10,120.921134586049,-24.6059902505149,2025-10-15,28.169342041015625
26.5156942268532,10,120.921134586049,-22.873939442946,2025-10-15,30.765045166015625
26.7373102797403,10,120.921134586049,-21.1418886353771,2025-10-15,32.708404541015625
16.8304564003668,10,121.421134586049,-32.4002188845748,2025-10-15,18.311920166015625
18.313534809937,10,121.421134586049,-30.668168077006,2025-10-15,20.309967041015625
18.7498434859207,10,121.421134586049,-28.9361172694371,2025-10-15,22.997467041015625
21.2831420367854,10,121.421134586049,-27.2040664618682,2025-10-15,25.030670166015625
23.5256278717273,10,121.421134586049,-25.4720156542993,2025-10-15,27.675201416015625
25.9752489546135,10,121.421134586049,-23.7399648467305,2025-10-15,29.893951416015625
26.6322147042696,10,121.421134586049,-22.0079140391616,2025-10-15,31.925201416015625
27.2754240769581,10,121.421134586049,-20.2758632315927,2025-10-15,31.813873291015625
16.1271972833321,10,121.921134586049,-33.2662442883593,2025-10-15,17.216217041015625
17.8671677669346,10,121.921134586049,-31.5341934807904,2025-10-15,19.319732666015625
18.2927155273179,10,121.921134586049,-29.8021426732215,2025-10-15,21.589263916015625
19.2374228847697,10,121.921134586049,-28.0700918656527,2025-10-15,24.343170166015625
22.6723502852061,10,121.921134586049,-26.3380410580838,2025-10-15,26.989654541015625
25.0691456390165,10,121.921134586049,-24.6059902505149,2025-10-15,28.958404541015625
26.3450094927827,10,121.921134586049,-22.873939442946,2025-10-15,31.155670166015625
27.3892492401497,10,121.921134586049,-21.1418886353771,2025-10-15,32.628326416015625
27.4282828762358,10,121.921134586049,-19.4098378278083,2025-10-15,30.770904541015625
16.7712299244388,10,122.421134586049,-32.4002188845748,2025-10-15,18.104888916015625
18.1067731923125,10,122.421134586049,-30.668168077006,2025-10-15,20.743560791015625
18.6332845579408,10,122.421134586049,-28.9361172694371,2025-10-15,22.493560791015625
20.6844176622892,10,122.421134586049,-27.2040664618682,2025-10-15,25.587310791015625
23.264774677991,10,122.421134586049,-25.4720156542993,2025-10-15,28.149810791015625
25.4668960048455,10,122.421134586049,-23.7399648467305,2025-10-15,30.667388916015625
26.5501387332913,10,122.421134586049,-22.0079140391616,2025-10-15,32.761138916015625
27.4992855298404,10,122.421134586049,-20.2758632315927,2025-10-15,32.585357666015625
27.4487840543457,10,122.421134586049,-18.5438124240238,2025-10-15,30.100982666015625
16.2960418317173,10,122.921134586049,-33.2662442883593,2025-10-15,17.227935791015625
17.6542304202907,10,122.921134586049,-31.5341934807904,2025-10-15,19.886138916015625
18.350372334626,10,122.921134586049,-29.8021426732215,2025-10-15,21.569732666015625
20.1132965610418,10,122.921134586049,-28.0700918656527,2025-10-15,24.214263916015625
22.7157337802966,10,122.921134586049,-26.3380410580838,2025-10-15,27.169342041015625
25.0674768291778,10,122.921134586049,-24.6059902505149,2025-10-15,29.786529541015625
26.6753223739916,10,122.921134586049,-22.873939442946,2025-10-15,32.143951416015625
27.6189991176363,10,122.921134586049,-21.1418886353771,2025-10-15,32.985748291015625
27.5677100496644,10,122.921134586049,-19.4098378278083,2025-10-15,32.395904541015625
27.5042091050384,10,122.921134586049,-17.6777870202394,2025-10-15,31.073638916015625
17.0262802059091,10,123.421134586049,-32.4002188845748,2025-10-15,19.015045166015625
17.7740032833251,10,123.421134586049,-30.668168077006,2025-10-15,20.577545166015625
18.5539694178478,10,123.421134586049,-28.9361172694371,2025-10-15,23.116607666015625
20.7687876511161,10,123.421134586049,-27.2040664618682,2025-10-15,25.964263916015625
23.3225108747149,10,123.421134586049,-25.4720156542993,2025-10-15,28.563873291015625
25.2899179182437,10,123.421134586049,-23.7399648467305,2025-10-15,30.970123291015625
26.6922833624146,10,123.421134586049,-22.0079140391616,2025-10-15,32.925201416015625
27.7487787510219,10,123.421134586049,-20.2758632315927,2025-10-15,32.755279541015625
27.6729584080469,10,123.421134586049,-18.5438124240238,2025-10-15,32.641998291015625
16.5598397356261,10,123.921134586049,-33.2662442883593,2025-10-15,17.477935791015625
17.4601701502569,10,123.921134586049,-31.5341934807904,2025-10-15,20.202545166015625
18.2755315342877,10,123.921134586049,-29.8021426732215,2025-10-15,21.600982666015625
20.2366441421997,10,123.921134586049,-28.0700918656527,2025-10-15,24.854888916015625
21.4187619480774,10,123.921134586049,-26.3380410580838,2025-10-15,27.440826416015625
24.9997349999291,10,123.921134586049,-24.6059902505149,2025-10-15,29.792388916015625
26.3840226165157,10,123.921134586049,-22.873939442946,2025-10-15,32.003326416015625
27.9117183555783,10,123.921134586049,-21.1418886353771,2025-10-15,33.052154541015625
28.0074185808247,10,123.921134586049,-19.4098378278083,2025-10-15,33.181060791015625
27.931792670405,10,123.921134586049,-17.6777870202394,2025-10-15,32.015045166015625
17.0067136270405,10,124.421134586049,-32.4002188845748,2025-10-15,18.640045166015625
17.6166567278889,10,124.421134586049,-30.668168077006,2025-10-15,21.132232666015625
18.8461065678462,10,124.421134586049,-28.9361172694371,2025-10-15,23.370513916015625
21.0075187510458,10,124.421134586049,-27.2040664618682,2025-10-15,26.444732666015625
22.0924407762924,10,124.421134586049,-25.4720156542993,2025-10-15,28.669342041015625
25.3068435593048,10,124.421134586049,-23.7399648467305,2025-10-15,31.270904541015625
27.3074571693006,10,124.421134586049,-22.0079140391616,2025-10-15,32.938873291015625
28.0664389877138,10,124.421134586049,-20.2758632315927,2025-10-15,32.524810791015625
28.3282788283423,10,124.421134586049,-18.5438124240238,2025-10-15,33.968170166015625
28.4513765007426,10,124.421134586049,-16.8117616164549,2025-10-15,30.907623291015625
17.4864710673943,10,124.921134586049,-31.5341934807904,2025-10-15,19.679107666015625
18.5277334251274,10,124.921134586049,-29.8021426732215,2025-10-15,22.518951416015625
20.4308150354033,10,124.921134586049,-28.0700918656527,2025-10-15,25.024810791015625
21.8982790094473,10,124.921134586049,-26.3380410580838,2025-10-15,27.663482666015625
25.0403706485276,10,124.921134586049,-24.6059902505149,2025-10-15,30.190826416015625
26.7935439263105,10,124.921134586049,-22.873939442946,2025-10-15,32.354888916015625
27.7045967213119,10,124.921134586049,-21.1418886353771,2025-10-15,32.700592041015625
28.6544476749849,10,124.921134586049,-19.4098378278083,2025-10-15,33.095123291015625
28.6885545534241,10,124.921134586049,-17.6777870202394,2025-10-15,32.544342041015625
28.9832107225651,10,124.921134586049,-15.9457362126705,2025-10-15,29.167388916015625
17.2267585929444,10,125.421134586049,-32.4002188845748,2025-10-15,17.999420166015625
18.2698194661434,10,125.421134586049,-30.668168077006,2025-10-15,20.747467041015625
19.0463857740181,10,125.421134586049,-28.9361172694371,2025-10-15,23.852935791015625
21.4129935051874,10,125.421134586049,-27.2040664618682,2025-10-15,26.380279541015625
22.7854700272817,10,125.421134586049,-25.4720156542993,2025-10-15,28.913482666015625
26.1403325868402,10,125.421134586049,-23.7399648467305,2025-10-15,31.571685791015625
27.2348636582128,10,125.421134586049,-22.0079140391616,2025-10-15,32.628326416015625
28.1978457908601,10,125.421134586049,-20.2758632315927,2025-10-15,33.274810791015625
29.0252675454494,10,125.421134586049,-18.5438124240238,2025-10-15,34.208404541015625
29.1674597476101,10,125.421134586049,-16.8117616164549,2025-10-15,30.464263916015625
29.1253857171056,10,125.421134586049,-15.0797108088861,2025-10-15,29.106842041015625
17.6783231980627,10,125.921134586049,-31.5341934807904,2025-10-15,19.483795166015625
18.5430734169063,10,125.921134586049,-29.8021426732215,2025-10-15,22.591217041015625
19.9778875376276,10,125.921134586049,-28.0700918656527,2025-10-15,24.907623291015625
22.5951080079605,10,125.921134586049,-26.3380410580838,2025-10-15,27.522857666015625
24.7670052757031,10,125.921134586049,-24.6059902505149,2025-10-15,30.046295166015625
26.5314052117944,10,125.921134586049,-22.873939442946,2025-10-15,32.106842041015625
27.7909174103055,10,125.921134586049,-21.1418886353771,2025-10-15,32.663482666015625
29.1539885293802,10,125.921134586049,-19.4098378278083,2025-10-15,33.485748291015625
29.3355535182793,10,125.921134586049,-17.6777870202394,2025-10-15,33.222076416015625
29.2249707888197,10,125.921134586049,-15.9457362126705,2025-10-15,29.323638916015625
18.2064059434579,10,126.421134586049,-30.668168077006,2025-10-15,20.706451416015625
19.095423784303,10,126.421134586049,-28.9361172694371,2025-10-15,24.038482666015625
21.9062651784645,10,126.421134586049,-27.2040664618682,2025-10-15,26.042388916015625
23.8990541709682,10,126.421134586049,-25.4720156542993,2025-10-15,28.772857666015625
25.3795929930699,10,126.421134586049,-23.7399648467305,2025-10-15,31.497467041015625
27.1343594587001,10,126.421134586049,-22.0079140391616,2025-10-15,32.233795166015625
28.4583029560285,10,126.421134586049,-20.2758632315927,2025-10-15,33.087310791015625
29.6538269553368,10,126.421134586049,-18.5438124240238,2025-10-15,32.981842041015625
29.5438060726903,10,126.421134586049,-16.8117616164549,2025-10-15,30.907623291015625
29.1663759993529,10,126.421134586049,-15.0797108088861,2025-10-15,29.556060791015625
17.8456018171587,10,126.921134586049,-31.5341934807904,2025-10-15,19.315826416015625
18.3807768917367,10,126.921134586049,-29.8021426732215,2025-10-15,22.018951416015625
20.3029946872795,10,126.921134586049,-28.0700918656527,2025-10-15,24.577545166015625
23.5958856358016,10,126.921134586049,-26.3380410580838,2025-10-15,27.097076416015625
24.6815129674189,10,126.921134586049,-24.6059902505149,2025-10-15,29.673248291015625
25.8804185247156,10,126.921134586049,-22.873939442946,2025-10-15,31.634185791015625
27.7990809775469,10,126.921134586049,-21.1418886353771,2025-10-15,32.421295166015625
29.5199287932916,10,126.921134586049,-19.4098378278083,2025-10-15,32.913482666015625
29.9381518112431,10,126.921134586049,-17.6777870202394,2025-10-15,32.083404541015625
29.3611393323244,10,126.921134586049,-15.9457362126705,2025-10-15,31.448638916015625
29.1471761068573,10,126.921134586049,-14.2136854051016,2025-10-15,29.716217041015625
17.9479656790627,10,127.421134586049,-30.668168077006,2025-10-15,20.483795166015625
19.0505040036106,10,127.421134586049,-28.9361172694371,2025-10-15,23.444732666015625
22.3769010507348,10,127.421134586049,-27.2040664618682,2025-10-15,25.661529541015625
24.4323626631132,10,127.421134586049,-25.4720156542993,2025-10-15,27.960357666015625
25.0857443036072,10,127.421134586049,-23.7399648467305,2025-10-15,30.985748291015625
26.6467321397656,10,127.421134586049,-22.0079140391616,2025-10-15,31.977935791015625
28.6217173682683,10,127.421134586049,-20.2758632315927,2025-10-15,32.390045166015625
30.090048360728,10,127.421134586049,-18.5438124240238,2025-10-15,32.516998291015625
29.6951869567149,10,127.421134586049,-16.8117616164549,2025-10-15,31.069732666015625
29.2722942645789,10,127.421134586049,-15.0797108088861,2025-10-15,30.794342041015625
17.9314253624719,10,127.921134586049,-31.5341934807904,2025-10-15,18.903717041015625
18.2359724588255,10,127.921134586049,-29.8021426732215,2025-10-15,21.690826416015625
20.6198468027208,10,127.921134586049,-28.0700918656527,2025-10-15,24.276763916015625
24.1059747253804,10,127.921134586049,-26.3380410580838,2025-10-15,27.038482666015625
24.546321393723,10,127.921134586049,-24.6059902505149,2025-10-15,29.509185791015625
25.7487801927905,10,127.921134586049,-22.873939442946,2025-10-15,31.091217041015625
27.8269686645079,10,127.921134586049,-21.1418886353771,2025-10-15,32.479888916015625
29.4508569359992,10,127.921134586049,-19.4098378278083,2025-10-15,32.995513916015625
30.0151145251111,10,127.921134586049,-17.6777870202394,2025-10-15,32.056060791015625
29.5729364412694,10,127.921134586049,-15.9457362126705,2025-10-15,32.153717041015625
18.001178057297,10,128.421134586049,-30.668168077006,2025-10-15,20.087310791015625
19.0935997818417,10,128.421134586049,-28.9361172694371,2025-10-15,23.124420166015625
22.8292291068376,10,128.421134586049,-27.2040664618682,2025-10-15,25.489654541015625
24.5395219162384,10,128.421134586049,-25.4720156542993,2025-10-15,27.819732666015625
24.9768618762734,10,128.421134586049,-23.7399648467305,2025-10-15,30.309967041015625
26.6108217581839,10,128.421134586049,-22.0079140391616,2025-10-15,32.130279541015625
28.0782519109023,10,128.421134586049,-20.2758632315927,2025-10-15,32.663482666015625
29.8042836120069,10,128.421134586049,-18.5438124240238,2025-10-15,32.815826416015625
29.6132230129221,10,128.421134586049,-16.8117616164549,2025-10-15,32.934967041015625
29.4284810090814,10,128.421134586049,-15.0797108088861,2025-10-15,29.987701416015625
17.9333108474085,10,128.921134586049,-31.5341934807904,2025-10-15,18.339263916015625
18.3677571360584,10,128.921134586049,-29.8021426732215,2025-10-15,21.403717041015625
20.4342106102226,10,128.921134586049,-28.0700918656527,2025-10-15,24.315826416015625
23.8569004224179,10,128.921134586049,-26.3380410580838,2025-10-15,26.255279541015625
24.5196441184909,10,128.921134586049,-24.6059902505149,2025-10-15,28.868560791015625
25.7579585304484,10,128.921134586049,-22.873939442946,2025-10-15,31.159576416015625
27.5508501793574,10,128.921134586049,-21.1418886353771,2025-10-15,32.325592041015625
28.4260881836482,10,128.921134586049,-19.4098378278083,2025-10-15,32.315826416015625
29.5813468950813,10,128.921134586049,-17.6777870202394,2025-10-15,33.147857666015625
29.6257621201335,10,128.921134586049,-15.9457362126705,2025-10-15,31.673248291015625
18.2046017876425,10,129.421134586049,-30.668168077006,2025-10-15,19.823638916015625
19.1957455908949,10,129.421134586049,-28.9361172694371,2025-10-15,22.833404541015625
22.7068181229498,10,129.421134586049,-27.2040664618682,2025-10-15,25.415435791015625
24.3434698776865,10,129.421134586049,-25.4720156542993,2025-10-15,26.665435791015625
25.0841311974241,10,129.421134586049,-23.7399648467305,2025-10-15,29.407623291015625
26.6040608664111,10,129.421134586049,-22.0079140391616,2025-10-15,32.058013916015625
27.431894721024,10,129.421134586049,-20.2758632315927,2025-10-15,32.159576416015625
28.8591478126569,10,129.421134586049,-18.5438124240238,2025-10-15,32.880279541015625
29.4880835135931,10,129.421134586049,-16.8117616164549,2025-10-15,32.858795166015625
29.523611610082,10,129.421134586049,-15.0797108088861,2025-10-15,30.561920166015625
18.0190823294798,10,129.921134586049,-31.5341934807904,2025-10-15,17.975982666015625
18.6183408665784,10,129.921134586049,-29.8021426732215,2025-10-15,21.544342041015625
21.0926069267993,10,129.921134586049,-28.0700918656527,2025-10-15,24.147857666015625
23.4075523645041,10,129.921134586049,-26.3380410580838,2025-10-15,25.097076416015625
24.4839651194304,10,129.921134586049,-24.6059902505149,2025-10-15,28.524810791015625
25.7436391255396,10,129.921134586049,-22.873939442946,2025-10-15,30.839263916015625
27.3439934491993,10,129.921134586049,-21.1418886353771,2025-10-15,32.134185791015625
27.650581549863,10,129.921134586049,-19.4098378278083,2025-10-15,32.200592041015625
29.2152554963742,10,129.921134586049,-17.6777870202394,2025-10-15,32.169342041015625
29.6534271141736,10,129.921134586049,-15.9457362126705,2025-10-15,32.657623291015625
29.3976273342879,10,129.921134586049,-14.2136854051016,2025-10-15,30.222076416015625
18.3274481030059,10,130.421134586049,-30.668168077006,2025-10-15,19.891998291015625
19.254190341384,10,130.421134586049,-28.9361172694371,2025-10-15,23.083404541015625
22.5140320263369,10,130.421134586049,-27.2040664618682,2025-10-15,25.231842041015625
24.2655128025679,10,130.421134586049,-25.4720156542993,2025-10-15,26.569732666015625
24.9698131936241,10,130.421134586049,-23.7399648467305,2025-10-15,29.038482666015625
26.2708811212236,10,130.421134586049,-22.0079140391616,2025-10-15,30.727935791015625
27.32186373297,10,130.421134586049,-20.2758632315927,2025-10-15,32.571685791015625
28.5212965333741,10,130.421134586049,-18.5438124240238,2025-10-15,32.513092041015625
29.6076822079533,10,130.421134586049,-16.8117616164549,2025-10-15,32.718170166015625
29.5753030315638,10,130.421134586049,-15.0797108088861,2025-10-15,29.968170166015625
29.2264511772413,10,130.421134586049,-13.3476600013172,2025-10-15,29.520904541015625
29.1829778313502,10,130.421134586049,-11.6156091937483,2025-10-15,28.888092041015625
17.9792000186886,10,130.921134586049,-31.5341934807904,2025-10-15,17.891998291015625
18.6712553650587,10,130.921134586049,-29.8021426732215,2025-10-15,21.479888916015625
21.1431033462495,10,130.921134586049,-28.0700918656527,2025-10-15,24.206451416015625
22.9446169277114,10,130.921134586049,-26.3380410580838,2025-10-15,25.134185791015625
24.1225290123675,10,130.921134586049,-24.6059902505149,2025-10-15,28.538482666015625
25.347435489059,10,130.921134586049,-22.873939442946,2025-10-15,29.845123291015625
27.1701906789189,10,130.921134586049,-21.1418886353771,2025-10-15,31.839263916015625
27.8479635355766,10,130.921134586049,-19.4098378278083,2025-10-15,33.136138916015625
29.2452655211011,10,130.921134586049,-17.6777870202394,2025-10-15,32.641998291015625
29.660703520781,10,130.921134586049,-15.9457362126705,2025-10-15,31.597076416015625
29.3947312559996,10,130.921134586049,-14.2136854051016,2025-10-15,30.661529541015625
29.1503142436809,10,130.921134586049,-12.4816345975328,2025-10-15,-273.15
18.1334295859499,10,131.421134586049,-30.668168077006,2025-10-15,20.210357666015625
19.1750193900132,10,131.421134586049,-28.9361172694371,2025-10-15,23.134185791015625
22.6506763353292,10,131.421134586049,-27.2040664618682,2025-10-15,24.933013916015625
23.8211390451714,10,131.421134586049,-25.4720156542993,2025-10-15,26.995513916015625
24.5419670700561,10,131.421134586049,-23.7399648467305,2025-10-15,27.792388916015625
25.9098274130347,10,131.421134586049,-22.0079140391616,2025-10-15,30.106842041015625
27.8051179286177,10,131.421134586049,-20.2758632315927,2025-10-15,32.296295166015625
28.5946510609332,10,131.421134586049,-18.5438124240238,2025-10-15,33.354888916015625
29.6121668240841,10,131.421134586049,-16.8117616164549,2025-10-15,32.891998291015625
29.5857243772893,10,131.421134586049,-15.0797108088861,2025-10-15,31.684967041015625
29.2293628514152,10,131.421134586049,-13.3476600013172,2025-10-15,30.327545166015625
17.8182231042064,10,131.921134586049,-31.5341934807904,2025-10-15,18.614654541015625
18.9194772574849,10,131.921134586049,-29.8021426732215,2025-10-15,21.743560791015625
19.8057037333709,10,131.921134586049,-28.0700918656527,2025-10-15,24.132232666015625
22.7604124234621,10,131.921134586049,-26.3380410580838,2025-10-15,23.886138916015625
23.5453059923327,10,131.921134586049,-24.6059902505149,2025-10-15,27.919342041015625
24.702968960417,10,131.921134586049,-22.873939442946,2025-10-15,29.054107666015625
26.8923461886808,10,131.921134586049,-21.1418886353771,2025-10-15,31.257232666015625
28.2187783792753,10,131.921134586049,-19.4098378278083,2025-10-15,32.981842041015625
29.1108113245496,10,131.921134586049,-17.6777870202394,2025-10-15,33.356842041015625
29.4921188729093,10,131.921134586049,-15.9457362126705,2025-10-15,31.917388916015625
29.4129834518051,10,131.921134586049,-14.2136854051016,2025-10-15,31.571685791015625
29.1997254533268,10,131.921134586049,-12.4816345975328,2025-10-15,29.653717041015625
18.2396431230806,10,132.421134586049,-30.668168077006,2025-10-15,20.075592041015625
19.5648257489503,10,132.421134586049,-28.9361172694371,2025-10-15,23.294342041015625
22.376128807513,10,132.421134586049,-27.2040664618682,2025-10-15,24.872467041015625
22.7770522801133,10,132.421134586049,-25.4720156542993,2025-10-15,26.977935791015625
23.6477731458067,10,132.421134586049,-23.7399648467305,2025-10-15,27.239654541015625
25.390639570655,10,132.421134586049,-22.0079140391616,2025-10-15,29.608795166015625
27.4473205857754,10,132.421134586049,-20.2758632315927,2025-10-15,31.776763916015625
28.5498238492066,10,132.421134586049,-18.5438124240238,2025-10-15,33.042388916015625
29.2430205226352,10,132.421134586049,-16.8117616164549,2025-10-15,31.847076416015625
29.4580005829459,10,132.421134586049,-15.0797108088861,2025-10-15,31.917388916015625
29.2048828189016,10,132.421134586049,-13.3476600013172,2025-10-15,30.765045166015625
17.4373302637383,10,132.921134586049,-31.5341934807904,2025-10-15,18.948638916015625
19.2921333665015,10,132.921134586049,-29.8021426732215,2025-10-15,21.675201416015625
20.9653805580996,10,132.921134586049,-28.0700918656527,2025-10-15,24.464263916015625
22.5485441005486,10,132.921134586049,-26.3380410580838,2025-10-15,25.249420166015625
23.0897772972426,10,132.921134586049,-24.6059902505149,2025-10-15,27.841217041015625
23.8030149291896,10,132.921134586049,-22.873939442946,2025-10-15,29.063873291015625
26.7261440262215,10,132.921134586049,-21.1418886353771,2025-10-15,30.567779541015625
27.9044804908367,10,132.921134586049,-19.4098378278083,2025-10-15,32.600982666015625
28.8073283532908,10,132.921134586049,-17.6777870202394,2025-10-15,32.171295166015625
29.1767790757038,10,132.921134586049,-15.9457362126705,2025-10-15,32.063873291015625
29.2576631043597,10,132.921134586049,-14.2136854051016,2025-10-15,30.895904541015625
29.1797151106345,10,132.921134586049,-12.4816345975328,2025-10-15,29.933013916015625
18.926592193216,10,133.421134586049,-30.668168077006,2025-10-15,20.231842041015625
20.0642049838468,10,133.421134586049,-28.9361172694371,2025-10-15,23.692779541015625
22.0709620678396,10,133.421134586049,-27.2040664618682,2025-10-15,25.071685791015625
22.6568918966648,10,133.421134586049,-25.4720156542993,2025-10-15,26.782623291015625
22.8332815488044,10,133.421134586049,-23.7399648467305,2025-10-15,26.733795166015625
25.2496571294211,10,133.421134586049,-22.0079140391616,2025-10-15,29.050201416015625
27.7786470410424,10,133.421134586049,-20.2758632315927,2025-10-15,31.770904541015625
28.2686406973053,10,133.421134586049,-18.5438124240238,2025-10-15,32.649810791015625
28.8819547146068,10,133.421134586049,-16.8117616164549,2025-10-15,31.724029541015625
29.074970036254,10,133.421134586049,-15.0797108088861,2025-10-15,32.118560791015625
29.1980764718095,10,133.421134586049,-13.3476600013172,2025-10-15,28.667388916015625
29.168704216867,10,133.421134586049,-11.6156091937483,2025-10-15,-273.15
17.5776225372127,10,133.921134586049,-31.5341934807904,2025-10-15,19.124420166015625
19.4955692654163,10,133.921134586049,-29.8021426732215,2025-10-15,21.847076416015625
21.6636107925691,10,133.921134586049,-28.0700918656527,2025-10-15,24.741607666015625
22.4687288411765,10,133.921134586049,-26.3380410580838,2025-10-15,26.048248291015625
22.8911397576583,10,133.921134586049,-24.6059902505149,2025-10-15,27.989654541015625
23.282117554439,10,133.921134586049,-22.873939442946,2025-10-15,28.020904541015625
26.9683805422395,10,133.921134586049,-21.1418886353771,2025-10-15,30.190826416015625
28.1901578234395,10,133.921134586049,-19.4098378278083,2025-10-15,32.147857666015625
28.3969724880016,10,133.921134586049,-17.6777870202394,2025-10-15,31.405670166015625
28.9204936029097,10,133.921134586049,-15.9457362126705,2025-10-15,31.296295166015625
29.085022603593,10,133.921134586049,-14.2136854051016,2025-10-15,31.016998291015625
29.1717392273647,10,133.921134586049,-12.4816345975328,2025-10-15,28.593170166015625
17.1811792718505,10,134.421134586049,-32.4002188845748,2025-10-15,18.388092041015625
19.5637788218957,10,134.421134586049,-30.668168077006,2025-10-15,20.821685791015625
20.4881853985136,10,134.421134586049,-28.9361172694371,2025-10-15,23.434967041015625
22.3646148054873,10,134.421134586049,-27.2040664618682,2025-10-15,25.663482666015625
22.6160353386054,10,134.421134586049,-25.4720156542993,2025-10-15,27.319732666015625
22.8258431039015,10,134.421134586049,-23.7399648467305,2025-10-15,27.890045166015625
25.3351632430642,10,134.421134586049,-22.0079140391616,2025-10-15,29.099029541015625
27.977110812299,10,134.421134586049,-20.2758632315927,2025-10-15,31.132232666015625
28.2172574717871,10,134.421134586049,-18.5438124240238,2025-10-15,31.313873291015625
28.5855936823604,10,134.421134586049,-16.8117616164549,2025-10-15,31.477935791015625
28.9825809535815,10,134.421134586049,-15.0797108088861,2025-10-15,31.458404541015625
29.0320602616149,10,134.421134586049,-13.3476600013172,2025-10-15,29.782623291015625
17.1402406316896,10,134.921134586049,-33.2662442883593,2025-10-15,17.479888916015625
18.5895771383498,10,134.921134586049,-31.5341934807904,2025-10-15,19.679107666015625
19.6281881556397,10,134.921134586049,-29.8021426732215,2025-10-15,22.343170166015625
22.2564643695204,10,134.921134586049,-28.0700918656527,2025-10-15,25.013092041015625
22.6576806352043,10,134.921134586049,-26.3380410580838,2025-10-15,26.860748291015625
22.9848692499098,10,134.921134586049,-24.6059902505149,2025-10-15,28.265045166015625
23.9953758400491,10,134.921134586049,-22.873939442946,2025-10-15,28.247467041015625
26.9858196294055,10,134.921134586049,-21.1418886353771,2025-10-15,29.999420166015625
28.0179497468105,10,134.921134586049,-19.4098378278083,2025-10-15,32.210357666015625
28.354345564673,10,134.921134586049,-17.6777870202394,2025-10-15,31.759185791015625
28.5826599907861,10,134.921134586049,-15.9457362126705,2025-10-15,30.800201416015625
28.9432784560451,10,134.921134586049,-14.2136854051016,2025-10-15,29.915435791015625
29.0444813009893,10,134.921134586049,-12.4816345975328,2025-10-15,29.071685791015625
15.5804275539393,10,135.421134586049,-34.1322696921437,2025-10-15,16.456451416015625
17.9547682615115,10,135.421134586049,-32.4002188845748,2025-10-15,18.120513916015625
19.4025843096233,10,135.421134586049,-30.668168077006,2025-10-15,21.032623291015625
21.2299393968059,10,135.421134586049,-28.9361172694371,2025-10-15,23.915435791015625
22.5641821880992,10,135.421134586049,-27.2040664618682,2025-10-15,26.390045166015625
22.767243854834,10,135.421134586049,-25.4720156542993,2025-10-15,27.804107666015625
23.1335715394602,10,135.421134586049,-23.7399648467305,2025-10-15,28.431060791015625
25.7521521747805,10,135.421134586049,-22.0079140391616,2025-10-15,29.640045166015625
27.6678189241817,10,135.421134586049,-20.2758632315927,2025-10-15,31.669342041015625
28.2264430530137,10,135.421134586049,-18.5438124240238,2025-10-15,31.809967041015625
28.3940490890287,10,135.421134586049,-16.8117616164549,2025-10-15,31.040435791015625
28.8079202843431,10,135.421134586049,-15.0797108088861,2025-10-15,29.266998291015625
28.9127958162022,10,135.421134586049,-13.3476600013172,2025-10-15,28.440826416015625
16.6367423855883,10,135.921134586049,-33.2662442883593,2025-10-15,17.696685791015625
19.2407341370862,10,135.921134586049,-31.5341934807904,2025-10-15,19.493560791015625
20.3320179498626,10,135.921134586049,-29.8021426732215,2025-10-15,22.368560791015625
22.2567178539379,10,135.921134586049,-28.0700918656527,2025-10-15,25.347076416015625
22.6979819715653,10,135.921134586049,-26.3380410580838,2025-10-15,27.475982666015625
23.379677991799,10,135.921134586049,-24.6059902505149,2025-10-15,28.651763916015625
25.0991980008017,10,135.921134586049,-22.873939442946,2025-10-15,28.710357666015625
26.8987252510824,10,135.921134586049,-21.1418886353771,2025-10-15,30.751373291015625
27.7289370867459,10,135.921134586049,-19.4098378278083,2025-10-15,32.149810791015625
28.2458243939928,10,135.921134586049,-17.6777870202394,2025-10-15,31.516998291015625
28.3974552965136,10,135.921134586049,-15.9457362126705,2025-10-15,29.458404541015625
28.9268856902305,10,135.921134586049,-12.4816345975328,2025-10-15,28.698638916015625
18.3455099147117,10,136.421134586049,-32.4002188845748,2025-10-15,18.833404541015625
19.4654546391547,10,136.421134586049,-30.668168077006,2025-10-15,21.595123291015625
21.1712387780198,10,136.421134586049,-28.9361172694371,2025-10-15,24.083404541015625
22.4801294395834,10,136.421134586049,-27.2040664618682,2025-10-15,26.550201416015625
23.4600066117791,10,136.421134586049,-25.4720156542993,2025-10-15,28.222076416015625
23.7562357553472,10,136.421134586049,-23.7399648467305,2025-10-15,28.974029541015625
26.3157070084057,10,136.421134586049,-22.0079140391616,2025-10-15,29.825592041015625
27.848795294437,10,136.421134586049,-20.2758632315927,2025-10-15,31.772857666015625
27.9189841130254,10,136.421134586049,-18.5438124240238,2025-10-15,32.120513916015625
28.2612283337391,10,136.421134586049,-16.8117616164549,2025-10-15,30.239654541015625
16.2174718809908,10,136.921134586049,-33.2662442883593,2025-10-15,17.438873291015625
19.3483893086171,10,136.921134586049,-31.5341934807904,2025-10-15,20.620513916015625
20.7363403827515,10,136.921134586049,-29.8021426732215,2025-10-15,23.100982666015625
22.0845452940954,10,136.921134586049,-28.0700918656527,2025-10-15,24.780670166015625
22.9153753801046,10,136.921134586049,-26.3380410580838,2025-10-15,27.442779541015625
23.8995879174748,10,136.921134586049,-24.6059902505149,2025-10-15,28.899810791015625
25.3270559496813,10,136.921134586049,-22.873939442946,2025-10-15,29.604888916015625
27.1468132625215,10,136.921134586049,-21.1418886353771,2025-10-15,31.218170166015625
27.8507345686718,10,136.921134586049,-19.4098378278083,2025-10-15,31.786529541015625
28.1467242391178,10,136.921134586049,-17.6777870202394,2025-10-15,30.780670166015625
28.2730174933911,10,136.921134586049,-15.9457362126705,2025-10-15,-273.15
28.207789094762,10,136.921134586049,-14.2136854051016,2025-10-15,27.975982666015625
14.2076964313716,10,137.421134586049,-35.8643204997126,2025-10-15,14.821685791015625
17.2076402580219,10,137.421134586049,-32.4002188845748,2025-10-15,19.491607666015625
19.7906259353604,10,137.421134586049,-30.668168077006,2025-10-15,21.850982666015625
21.2323896822637,10,137.421134586049,-28.9361172694371,2025-10-15,23.991607666015625
22.5032502932623,10,137.421134586049,-27.2040664618682,2025-10-15,25.694732666015625
23.9037711055416,10,137.421134586049,-25.4720156542993,2025-10-15,28.382232666015625
25.184285347369,10,137.421134586049,-23.7399648467305,2025-10-15,29.569732666015625
26.6929100041387,10,137.421134586049,-22.0079140391616,2025-10-15,30.868560791015625
27.8123970325145,10,137.421134586049,-20.2758632315927,2025-10-15,31.442779541015625
27.8848311611159,10,137.421134586049,-18.5438124240238,2025-10-15,31.513092041015625
28.1029658906953,10,137.421134586049,-16.8117616164549,2025-10-15,29.308013916015625
15.8904162515898,10,137.921134586049,-33.2662442883593,2025-10-15,18.591217041015625
19.3331963994834,10,137.921134586049,-31.5341934807904,2025-10-15,21.468170166015625
21.4189353229467,10,137.921134586049,-29.8021426732215,2025-10-15,23.061920166015625
21.9683571993457,10,137.921134586049,-28.0700918656527,2025-10-15,25.155670166015625
23.705155488441,10,137.921134586049,-26.3380410580838,2025-10-15,27.366607666015625
24.3531664321134,10,137.921134586049,-24.6059902505149,2025-10-15,29.200592041015625
25.8531133495034,10,137.921134586049,-22.873939442946,2025-10-15,29.862701416015625
27.6470221193991,10,137.921134586049,-21.1418886353771,2025-10-15,31.335357666015625
27.8374428405264,10,137.921134586049,-19.4098378278083,2025-10-15,31.509185791015625
27.9768334497518,10,137.921134586049,-17.6777870202394,2025-10-15,30.448638916015625
15.6434510511077,10,138.421134586049,-34.1322696921437,2025-10-15,16.911529541015625
16.5814825146586,10,138.421134586049,-32.4002188845748,2025-10-15,17.841217041015625
20.35324197564,10,138.421134586049,-30.668168077006,2025-10-15,21.454498291015625
21.4960092362028,10,138.421134586049,-28.9361172694371,2025-10-15,24.972076416015625
23.0323869781617,10,138.421134586049,-27.2040664618682,2025-10-15,26.616607666015625
24.0738719277167,10,138.421134586049,-25.4720156542993,2025-10-15,28.401763916015625
25.5996959659204,10,138.421134586049,-23.7399648467305,2025-10-15,29.862701416015625
26.7519626407495,10,138.421134586049,-22.0079140391616,2025-10-15,30.977935791015625
27.819021455163,10,138.421134586049,-20.2758632315927,2025-10-15,31.724029541015625
27.9386916063875,10,138.421134586049,-18.5438124240238,2025-10-15,31.854888916015625
28.1210568551323,10,138.421134586049,-16.8117616164549,2025-10-15,28.700592041015625
15.9482927757237,10,138.921134586049,-34.9982950959282,2025-10-15,14.079498291015625
15.8252125659471,10,138.921134586049,-33.2662442883593,2025-10-15,15.964263916015625
18.5310088778737,10,138.921134586049,-31.5341934807904,2025-10-15,20.395904541015625
21.2841922913342,10,138.921134586049,-29.8021426732215,2025-10-15,23.425201416015625
22.3126508813651,10,138.921134586049,-28.0700918656527,2025-10-15,25.972076416015625
24.0237475932359,10,138.921134586049,-26.3380410580838,2025-10-15,27.933013916015625
24.5968007529561,10,138.921134586049,-24.6059902505149,2025-10-15,29.147857666015625
26.3095227162771,10,138.921134586049,-22.873939442946,2025-10-15,30.220123291015625
27.3702988016201,10,138.921134586049,-21.1418886353771,2025-10-15,31.298248291015625
27.7936765618211,10,138.921134586049,-19.4098378278083,2025-10-15,31.583404541015625
28.105326364143,10,138.921134586049,-17.6777870202394,2025-10-15,30.538482666015625
14.9669002669418,10,139.421134586049,-35.8643204997126,2025-10-15,15.081451416015625
14.9091325705851,10,139.421134586049,-34.1322696921437,2025-10-15,17.515045166015625
16.2330349264839,10,139.421134586049,-32.4002188845748,2025-10-15,19.028717041015625
20.3587011581114,10,139.421134586049,-30.668168077006,2025-10-15,22.362701416015625
21.499640303118,10,139.421134586049,-28.9361172694371,2025-10-15,24.944732666015625
23.2506923873804,10,139.421134586049,-27.2040664618682,2025-10-15,26.987701416015625
24.0997739528207,10,139.421134586049,-25.4720156542993,2025-10-15,28.171295166015625
26.0347925083506,10,139.421134586049,-23.7399648467305,2025-10-15,29.700592041015625
26.4571573652952,10,139.421134586049,-22.0079140391616,2025-10-15,30.503326416015625
27.5927555507609,10,139.421134586049,-20.2758632315927,2025-10-15,30.073638916015625
28.0056123356631,10,139.421134586049,-18.5438124240238,2025-10-15,31.118560791015625
14.0071944143875,10,139.921134586049,-36.730345903497,2025-10-15,14.298248291015625
15.1545166723,10,139.921134586049,-34.9982950959282,2025-10-15,16.651763916015625
15.5994928515206,10,139.921134586049,-33.2662442883593,2025-10-15,19.724029541015625
19.5865488579586,10,139.921134586049,-31.5341934807904,2025-10-15,22.345123291015625
20.9687935205289,10,139.921134586049,-29.8021426732215,2025-10-15,23.708404541015625
22.3741096095921,10,139.921134586049,-28.0700918656527,2025-10-15,26.188873291015625
23.9916948640261,10,139.921134586049,-26.3380410580838,2025-10-15,27.739654541015625
24.9062432263352,10,139.921134586049,-24.6059902505149,2025-10-15,29.052154541015625
26.3498699118214,10,139.921134586049,-22.873939442946,2025-10-15,30.038482666015625
27.0842979059839,10,139.921134586049,-21.1418886353771,2025-10-15,29.968170166015625
27.7060062689642,10,139.921134586049,-19.4098378278083,2025-10-15,31.266998291015625
28.1224604781096,10,139.921134586049,-17.6777870202394,2025-10-15,-273.15
12.79554650426,10,140.421134586049,-37.5963713072815,2025-10-15,13.386138916015625
14.5293473177394,10,140.421134586049,-35.8643204997126,2025-10-15,15.278717041015625
15.6326933525047,10,140.421134586049,-34.1322696921437,2025-10-15,18.874420166015625
16.5499899012446,10,140.421134586049,-32.4002188845748,2025-10-15,20.141998291015625
20.7848520778574,10,140.421134586049,-30.668168077006,2025-10-15,22.987701416015625
21.8268453131071,10,140.421134586049,-28.9361172694371,2025-10-15,25.495513916015625
23.0054921513018,10,140.421134586049,-27.2040664618682,2025-10-15,26.868560791015625
24.3528278635385,10,140.421134586049,-25.4720156542993,2025-10-15,29.001373291015625
26.0106060120495,10,140.421134586049,-23.7399648467305,2025-10-15,29.282623291015625
26.4563587354131,10,140.421134586049,-22.0079140391616,2025-10-15,30.194732666015625
27.3411842278409,10,140.421134586049,-20.2758632315927,2025-10-15,31.319732666015625
27.9559542737459,10,140.421134586049,-18.5438124240238,2025-10-15,30.903717041015625
13.8276300218208,10,140.921134586049,-36.730345903497,2025-10-15,13.905670166015625
15.4619062849649,10,140.921134586049,-34.9982950959282,2025-10-15,17.266998291015625
15.9855953130172,10,140.921134586049,-33.2662442883593,2025-10-15,20.626373291015625
19.9299773092792,10,140.921134586049,-31.5341934807904,2025-10-15,22.378326416015625
21.2798225462445,10,140.921134586049,-29.8021426732215,2025-10-15,24.163482666015625
22.1625357684164,10,140.921134586049,-28.0700918656527,2025-10-15,26.417388916015625
23.794320940948,10,140.921134586049,-26.3380410580838,2025-10-15,27.683013916015625
25.1562342766689,10,140.921134586049,-24.6059902505149,2025-10-15,29.167388916015625
26.1505818879497,10,140.921134586049,-22.873939442946,2025-10-15,30.067779541015625
26.9763514209515,10,140.921134586049,-21.1418886353771,2025-10-15,31.038482666015625
27.4846358926101,10,140.921134586049,-19.4098378278083,2025-10-15,31.350982666015625
27.9342010107972,10,140.921134586049,-17.6777870202394,2025-10-15,29.696685791015625
12.8450755706695,10,141.421134586049,-37.5963713072815,2025-10-15,12.960357666015625
14.2443349848932,10,141.421134586049,-35.8643204997126,2025-10-15,15.745513916015625
16.3482496626202,10,141.421134586049,-34.1322696921437,2025-10-15,19.628326416015625
18.109826660364,10,141.421134586049,-32.4002188845748,2025-10-15,21.286529541015625
21.052927703704,10,141.421134586049,-30.668168077006,2025-10-15,23.255279541015625
21.348758596593,10,141.421134586049,-28.9361172694371,2025-10-15,25.599029541015625
22.6249696924646,10,141.421134586049,-27.2040664618682,2025-10-15,27.171295166015625
24.5129547887049,10,141.421134586049,-25.4720156542993,2025-10-15,28.501373291015625
25.7652372669962,10,141.421134586049,-23.7399648467305,2025-10-15,30.050201416015625
26.442433971543,10,141.421134586049,-22.0079140391616,2025-10-15,30.352935791015625
27.101311597853,10,141.421134586049,-20.2758632315927,2025-10-15,31.288482666015625
27.6963089606216,10,141.421134586049,-18.5438124240238,2025-10-15,31.694732666015625
27.6515147098836,10,141.421134586049,-16.8117616164549,2025-10-15,30.325592041015625
14.0819930577342,10,141.921134586049,-36.730345903497,2025-10-15,14.011138916015625
15.8839426861323,10,141.921134586049,-34.9982950959282,2025-10-15,17.827545166015625
16.8388837851364,10,141.921134586049,-33.2662442883593,2025-10-15,20.382232666015625
19.6856852804803,10,141.921134586049,-31.5341934807904,2025-10-15,21.366607666015625
21.2685966735764,10,141.921134586049,-29.8021426732215,2025-10-15,24.216217041015625
21.9870453571462,10,141.921134586049,-28.0700918656527,2025-10-15,26.694732666015625
23.2852971971117,10,141.921134586049,-26.3380410580838,2025-10-15,28.212310791015625
25.1388388049099,10,141.921134586049,-24.6059902505149,2025-10-15,29.327545166015625
25.91559613815,10,141.921134586049,-22.873939442946,2025-10-15,30.411529541015625
26.6416244565304,10,141.921134586049,-21.1418886353771,2025-10-15,30.897857666015625
27.1830089604863,10,141.921134586049,-19.4098378278083,2025-10-15,31.558013916015625
27.2607862518252,10,141.921134586049,-17.6777870202394,2025-10-15,31.272857666015625
27.5204352047069,10,141.921134586049,-15.9457362126705,2025-10-15,30.604888916015625
28.1972901152878,10,141.921134586049,-14.2136854051016,2025-10-15,30.251373291015625
28.5808594619273,10,141.921134586049,-12.4816345975328,2025-10-15,29.208404541015625
13.2668191537341,10,142.421134586049,-37.5963713072815,2025-10-15,12.270904541015625
14.9766848783924,10,142.421134586049,-35.8643204997126,2025-10-15,16.059967041015625
16.5692299478291,10,142.421134586049,-34.1322696921437,2025-10-15,19.522857666015625
19.1644607362291,10,142.421134586049,-32.4002188845748,2025-10-15,21.622467041015625
20.6020258837765,10,142.421134586049,-30.668168077006,2025-10-15,22.718170166015625
21.4082543016245,10,142.421134586049,-28.9361172694371,2025-10-15,25.462310791015625
22.5853863217874,10,142.421134586049,-27.2040664618682,2025-10-15,26.940826416015625
24.2102629006376,10,142.421134586049,-25.4720156542993,2025-10-15,28.975982666015625
25.5437442498521,10,142.421134586049,-23.7399648467305,2025-10-15,29.860748291015625
26.1444482450471,10,142.421134586049,-22.0079140391616,2025-10-15,30.391998291015625
26.6370910755815,10,142.421134586049,-20.2758632315927,2025-10-15,31.020904541015625
27.000669345132,10,142.421134586049,-18.5438124240238,2025-10-15,30.954498291015625
27.1494989777796,10,142.421134586049,-16.8117616164549,2025-10-15,31.669342041015625
27.5830303667838,10,142.421134586049,-15.0797108088861,2025-10-15,30.292388916015625
28.3275929103109,10,142.421134586049,-13.3476600013172,2025-10-15,28.839263916015625
27.6984726534908,10,142.421134586049,-11.6156091937483,2025-10-15,27.600982666015625
13.2373301289519,10,142.921134586049,-38.4623967110659,2025-10-15,12.835357666015625
14.6880214216591,10,142.921134586049,-36.730345903497,2025-10-15,13.919342041015625
15.8608090971234,10,142.921134586049,-34.9982950959282,2025-10-15,17.925201416015625
17.2667719780858,10,142.921134586049,-33.2662442883593,2025-10-15,20.524810791015625
19.8391398539393,10,142.921134586049,-31.5341934807904,2025-10-15,22.259185791015625
21.2291037885988,10,142.921134586049,-29.8021426732215,2025-10-15,24.673248291015625
22.4736057868205,10,142.921134586049,-28.0700918656527,2025-10-15,26.401763916015625
22.8180794606943,10,142.921134586049,-26.3380410580838,2025-10-15,27.774810791015625
24.9185217330222,10,142.921134586049,-24.6059902505149,2025-10-15,29.261138916015625
25.5228758218334,10,142.921134586049,-22.873939442946,2025-10-15,29.974029541015625
26.7238997592708,10,142.921134586049,-21.1418886353771,2025-10-15,30.683013916015625
26.7941997816719,10,142.921134586049,-19.4098378278083,2025-10-15,30.526763916015625
26.9287345091083,10,142.921134586049,-17.6777870202394,2025-10-15,31.509185791015625
27.3828409909988,10,142.921134586049,-15.9457362126705,2025-10-15,30.675201416015625
27.6981682039899,10,142.921134586049,-14.2136854051016,2025-10-15,27.683013916015625
28.1612992064661,10,142.921134586049,-12.4816345975328,2025-10-15,27.100982666015625
13.9353547617717,10,143.421134586049,-37.5963713072815,2025-10-15,12.065826416015625
15.6675922606233,10,143.421134586049,-35.8643204997126,2025-10-15,16.315826416015625
16.5841885044703,10,143.421134586049,-34.1322696921437,2025-10-15,19.790435791015625
19.460230578436,10,143.421134586049,-32.4002188845748,2025-10-15,21.499420166015625
20.0982033404368,10,143.421134586049,-30.668168077006,2025-10-15,23.239654541015625
21.9936714286757,10,143.421134586049,-28.9361172694371,2025-10-15,26.229888916015625
22.5823007570274,10,143.421134586049,-27.2040664618682,2025-10-15,27.044342041015625
23.8538677988801,10,143.421134586049,-25.4720156542993,2025-10-15,28.727935791015625
25.1611428281699,10,143.421134586049,-23.7399648467305,2025-10-15,29.585357666015625
25.8499543926624,10,143.421134586049,-22.0079140391616,2025-10-15,30.026763916015625
26.6714245130838,10,143.421134586049,-20.2758632315927,2025-10-15,30.151763916015625
26.2308481341901,10,143.421134586049,-18.5438124240238,2025-10-15,30.165435791015625
27.1327566260963,10,143.421134586049,-16.8117616164549,2025-10-15,30.903717041015625
27.4099315286456,10,143.421134586049,-15.0797108088861,2025-10-15,28.569732666015625
27.8357342813863,10,143.421134586049,-13.3476600013172,2025-10-15,25.692779541015625
13.460952933609,10,143.921134586049,-38.4623967110659,2025-10-15,12.161529541015625
15.1315823199616,10,143.921134586049,-36.730345903497,2025-10-15,14.442779541015625
15.7436843562737,10,143.921134586049,-34.9982950959282,2025-10-15,18.169342041015625
17.9676153628527,10,143.921134586049,-33.2662442883593,2025-10-15,20.411529541015625
19.8797509309057,10,143.921134586049,-31.5341934807904,2025-10-15,22.780670166015625
21.2027165949823,10,143.921134586049,-29.8021426732215,2025-10-15,24.864654541015625
22.8998588296397,10,143.921134586049,-28.0700918656527,2025-10-15,26.917388916015625
23.2059079448995,10,143.921134586049,-26.3380410580838,2025-10-15,28.069732666015625
24.5236299848046,10,143.921134586049,-24.6059902505149,2025-10-15,29.897857666015625
25.111418189592,10,143.921134586049,-22.873939442946,2025-10-15,29.450592041015625
26.3444533567589,10,143.921134586049,-21.1418886353771,2025-10-15,30.235748291015625
25.8935558711974,10,143.921134586049,-19.4098378278083,2025-10-15,26.516998291015625
26.2741225026716,10,143.921134586049,-17.6777870202394,2025-10-15,29.046295166015625
27.5500663716949,10,143.921134586049,-15.9457362126705,2025-10-15,28.993560791015625
14.1784456178125,10,144.421134586049,-37.5963713072815,2025-10-15,12.561920166015625
15.6279574507035,10,144.421134586049,-35.8643204997126,2025-10-15,16.825592041015625
16.0043547552772,10,144.421134586049,-34.1322696921437,2025-10-15,19.753326416015625
19.3341205225908,10,144.421134586049,-32.4002188845748,2025-10-15,21.427154541015625
19.9917640940679,10,144.421134586049,-30.668168077006,2025-10-15,23.962310791015625
21.9650416534924,10,144.421134586049,-28.9361172694371,2025-10-15,25.599029541015625
22.4823200968234,10,144.421134586049,-27.2040664618682,2025-10-15,27.530670166015625
23.6885828341736,10,144.421134586049,-25.4720156542993,2025-10-15,28.085357666015625
24.9899624422418,10,144.421134586049,-23.7399648467305,2025-10-15,29.233795166015625
25.433607992395,10,144.421134586049,-22.0079140391616,2025-10-15,29.595123291015625
25.9134521108103,10,144.421134586049,-20.2758632315927,2025-10-15,26.874420166015625
25.3306969346876,10,144.421134586049,-18.5438124240238,2025-10-15,26.936920166015625
26.5599798335962,10,144.421134586049,-16.8117616164549,2025-10-15,27.835357666015625
27.1429856708396,10,144.421134586049,-15.0797108088861,2025-10-15,28.169342041015625
14.0589020604142,10,144.921134586049,-38.4623967110659,2025-10-15,13.542388916015625
14.9961622514751,10,144.921134586049,-36.730345903497,2025-10-15,14.761138916015625
15.4924909267406,10,144.921134586049,-34.9982950959282,2025-10-15,18.319732666015625
17.7833783045641,10,144.921134586049,-33.2662442883593,2025-10-15,20.333404541015625
19.2509884612682,10,144.921134586049,-31.5341934807904,2025-10-15,22.472076416015625
20.6354072507932,10,144.921134586049,-29.8021426732215,2025-10-15,24.614654541015625
22.3648643838744,10,144.921134586049,-28.0700918656527,2025-10-15,26.292388916015625
22.7603330774221,10,144.921134586049,-26.3380410580838,2025-10-15,27.556060791015625
24.4714356728361,10,144.921134586049,-24.6059902505149,2025-10-15,29.075592041015625
25.022732134601,10,144.921134586049,-22.873939442946,2025-10-15,29.352935791015625
25.5561712817163,10,144.921134586049,-21.1418886353771,2025-10-15,28.317779541015625
25.3082150331774,10,144.921134586049,-19.4098378278083,2025-10-15,26.231842041015625
25.4361349370761,10,144.921134586049,-17.6777870202394,2025-10-15,25.643951416015625
26.6295471511299,10,144.921134586049,-15.9457362126705,2025-10-15,25.464263916015625
9.70623687793735,10,145.421134586049,-42.7925237299881,2025-10-15,-273.15
11.0028960297467,10,145.421134586049,-41.0604729224192,2025-10-15,9.058013916015625
14.4747888128735,10,145.421134586049,-37.5963713072815,2025-10-15,12.878326416015625
15.1819927983463,10,145.421134586049,-35.8643204997126,2025-10-15,16.956451416015625
15.6474416770603,10,145.421134586049,-34.1322696921437,2025-10-15,19.073638916015625
18.9208076165465,10,145.421134586049,-32.4002188845748,2025-10-15,21.073638916015625
19.9846507008806,10,145.421134586049,-30.668168077006,2025-10-15,23.595123291015625
21.0070064830197,10,145.421134586049,-28.9361172694371,2025-10-15,25.483795166015625
22.0726458167651,10,145.421134586049,-27.2040664618682,2025-10-15,26.128326416015625
23.1191479171531,10,145.421134586049,-25.4720156542993,2025-10-15,26.923248291015625
24.8836136062422,10,145.421134586049,-23.7399648467305,2025-10-15,28.409576416015625
25.2156166136469,10,145.421134586049,-22.0079140391616,2025-10-15,28.448638916015625
25.1440715786576,10,145.421134586049,-20.2758632315927,2025-10-15,25.413482666015625
25.2041673506515,10,145.421134586049,-18.5438124240238,2025-10-15,24.184967041015625
24.9385536024509,10,145.421134586049,-16.8117616164549,2025-10-15,23.749420166015625
8.73387002241398,10,145.921134586049,-41.9264983262037,2025-10-15,5.487701416015625
13.7629387727829,10,145.921134586049,-38.4623967110659,2025-10-15,13.167388916015625
13.9545314694105,10,145.921134586049,-36.730345903497,2025-10-15,13.374420166015625
14.8795662494602,10,145.921134586049,-34.9982950959282,2025-10-15,18.102935791015625
16.5592644871909,10,145.921134586049,-33.2662442883593,2025-10-15,19.917388916015625
18.9156845806846,10,145.921134586049,-31.5341934807904,2025-10-15,21.718170166015625
20.6879347167202,10,145.921134586049,-29.8021426732215,2025-10-15,24.800201416015625
21.8878798453395,10,145.921134586049,-28.0700918656527,2025-10-15,26.577545166015625
21.9773179058805,10,145.921134586049,-26.3380410580838,2025-10-15,26.323638916015625
24.153706990802,10,145.921134586049,-24.6059902505149,2025-10-15,27.673248291015625
25.0123646769718,10,145.921134586049,-22.873939442946,2025-10-15,27.788482666015625
25.1624844548389,10,145.921134586049,-21.1418886353771,2025-10-15,27.835357666015625
25.0410597370882,10,145.921134586049,-19.4098378278083,2025-10-15,25.599029541015625
25.0820329560897,10,145.921134586049,-17.6777870202394,2025-10-15,23.388092041015625
10.3315466698639,10,146.421134586049,-42.7925237299881,2025-10-15,7.315826416015625
13.9228650883003,10,146.421134586049,-37.5963713072815,2025-10-15,9.985748291015625
13.1343072902627,10,146.421134586049,-35.8643204997126,2025-10-15,16.319732666015625
15.6014478052591,10,146.421134586049,-34.1322696921437,2025-10-15,18.526763916015625
18.2174601321492,10,146.421134586049,-32.4002188845748,2025-10-15,19.905670166015625
19.9118201226793,10,146.421134586049,-30.668168077006,2025-10-15,23.405670166015625
20.9801891944049,10,146.421134586049,-28.9361172694371,2025-10-15,25.171295166015625
21.9208740123586,10,146.421134586049,-27.2040664618682,2025-10-15,25.858795166015625
22.5733115241288,10,146.421134586049,-25.4720156542993,2025-10-15,26.458404541015625
24.5303191898067,10,146.421134586049,-23.7399648467305,2025-10-15,26.960357666015625
24.7056586172977,10,146.421134586049,-22.0079140391616,2025-10-15,27.845123291015625
24.9470010142094,10,146.421134586049,-20.2758632315927,2025-10-15,26.224029541015625
10.3212881630633,10,146.921134586049,-41.9264983262037,2025-10-15,5.813873291015625
13.7027461708017,10,146.921134586049,-38.4623967110659,2025-10-15,13.827545166015625
12.5001781341716,10,146.921134586049,-36.730345903497,2025-10-15,11.878326416015625
13.9788275576382,10,146.921134586049,-34.9982950959282,2025-10-15,17.245513916015625
16.3825192400908,10,146.921134586049,-33.2662442883593,2025-10-15,19.085357666015625
18.9597735510684,10,146.921134586049,-31.5341934807904,2025-10-15,21.585357666015625
20.3266399464801,10,146.921134586049,-29.8021426732215,2025-10-15,24.806060791015625
21.3067160977129,10,146.921134586049,-28.0700918656527,2025-10-15,25.874420166015625
21.9776752710652,10,146.921134586049,-26.3380410580838,2025-10-15,25.679107666015625
23.7252188300789,10,146.921134586049,-24.6059902505149,2025-10-15,25.511138916015625
24.6803919079991,10,146.921134586049,-22.873939442946,2025-10-15,27.065826416015625
24.7029008888454,10,146.921134586049,-21.1418886353771,2025-10-15,27.138092041015625
25.0428713613886,10,146.921134586049,-19.4098378278083,2025-10-15,25.524810791015625
12.4633319395737,10,147.421134586049,-42.7925237299881,2025-10-15,11.118560791015625
11.7266952691647,10,147.421134586049,-41.0604729224192,2025-10-15,10.913482666015625
13.8281041460184,10,147.421134586049,-37.5963713072815,2025-10-15,13.618560791015625
11.8326565008584,10,147.421134586049,-35.8643204997126,2025-10-15,13.798248291015625
16.0343397863406,10,147.421134586049,-34.1322696921437,2025-10-15,17.989654541015625
16.6532766328427,10,147.421134586049,-32.4002188845748,2025-10-15,20.063873291015625
19.5419587694597,10,147.421134586049,-30.668168077006,2025-10-15,23.104888916015625
20.5657862650834,10,147.421134586049,-28.9361172694371,2025-10-15,25.390045166015625
21.5834897584065,10,147.421134586049,-27.2040664618682,2025-10-15,25.561920166015625
22.2045219300819,10,147.421134586049,-25.4720156542993,2025-10-15,25.171295166015625
24.0327682287134,10,147.421134586049,-23.7399648467305,2025-10-15,27.311920166015625
24.4034349019348,10,147.421134586049,-22.0079140391616,2025-10-15,27.667388916015625
24.7547614940692,10,147.421134586049,-20.2758632315927,2025-10-15,26.315826416015625
11.7752664369693,10,147.921134586049,-41.9264983262037,2025-10-15,9.317779541015625
11.1413647770722,10,147.921134586049,-36.730345903497,2025-10-15,9.554107666015625
13.5262605842989,10,147.921134586049,-34.9982950959282,2025-10-15,15.419342041015625
15.5769760625643,10,147.921134586049,-33.2662442883593,2025-10-15,18.798248291015625
17.8967971745486,10,147.921134586049,-31.5341934807904,2025-10-15,21.315826416015625
19.9297452446854,10,147.921134586049,-29.8021426732215,2025-10-15,24.153717041015625
21.4856399839463,10,147.921134586049,-28.0700918656527,2025-10-15,25.589263916015625
21.665164602827,10,147.921134586049,-26.3380410580838,2025-10-15,25.268951416015625
22.8139052410446,10,147.921134586049,-24.6059902505149,2025-10-15,24.442779541015625
23.9985809194702,10,147.921134586049,-22.873939442946,2025-10-15,27.151763916015625
24.0364816217445,10,147.921134586049,-21.1418886353771,2025-10-15,25.651763916015625
14.3318244480559,10,148.421134586049,-37.5963713072815,2025-10-15,14.128326416015625
7.29382866492127,10,148.421134586049,-35.8643204997126,2025-10-15,9.753326416015625
14.3099349217228,10,148.421134586049,-34.1322696921437,2025-10-15,16.567779541015625
16.785895270584,10,148.421134586049,-32.4002188845748,2025-10-15,18.847076416015625
19.282860980756,10,148.421134586049,-30.668168077006,2025-10-15,22.536529541015625
20.6578458065338,10,148.421134586049,-28.9361172694371,2025-10-15,24.999420166015625
21.4685622403889,10,148.421134586049,-27.2040664618682,2025-10-15,25.360748291015625
21.8131661518833,10,148.421134586049,-25.4720156542993,2025-10-15,24.690826416015625
23.4686453260147,10,148.421134586049,-23.7399648467305,2025-10-15,27.559967041015625
23.7339635897966,10,148.421134586049,-22.0079140391616,2025-10-15,26.265045166015625
24.0307477525768,10,148.421134586049,-20.2758632315927,2025-10-15,24.911529541015625
12.0800181633076,10,148.921134586049,-36.730345903497,2025-10-15,12.251373291015625
12.5670589952047,10,148.921134586049,-34.9982950959282,2025-10-15,13.977935791015625
14.1958677293746,10,148.921134586049,-33.2662442883593,2025-10-15,15.179107666015625
17.6379006587035,10,148.921134586049,-31.5341934807904,2025-10-15,19.983795166015625
19.7053964165421,10,148.921134586049,-29.8021426732215,2025-10-15,23.931060791015625
21.6143394674849,10,148.921134586049,-28.0700918656527,2025-10-15,25.286529541015625
21.3853383381134,10,148.921134586049,-26.3380410580838,2025-10-15,24.878326416015625
22.2444640185312,10,148.921134586049,-24.6059902505149,2025-10-15,26.636138916015625
23.4166867982924,10,148.921134586049,-22.873939442946,2025-10-15,26.649810791015625
23.470813706969,10,148.921134586049,-21.1418886353771,2025-10-15,24.186920166015625
14.3026442958362,10,149.421134586049,-37.5963713072815,2025-10-15,14.282623291015625
13.0120855842959,10,149.421134586049,-35.8643204997126,2025-10-15,11.841217041015625
14.1756762795003,10,149.421134586049,-34.1322696921437,2025-10-15,14.450592041015625
16.1500423751697,10,149.421134586049,-32.4002188845748,2025-10-15,17.999420166015625
18.7553795963424,10,149.421134586049,-30.668168077006,2025-10-15,21.423248291015625
19.4990181123139,10,149.421134586049,-28.9361172694371,2025-10-15,24.561920166015625
21.157080972092,10,149.421134586049,-27.2040664618682,2025-10-15,25.122467041015625
21.6832043643007,10,149.421134586049,-25.4720156542993,2025-10-15,25.522857666015625
23.0459349895058,10,149.421134586049,-23.7399648467305,2025-10-15,26.434967041015625
23.5631550282004,10,149.421134586049,-22.0079140391616,2025-10-15,23.735748291015625
13.9454889567756,10,149.921134586049,-36.730345903497,2025-10-15,15.841217041015625
15.2936790767858,10,149.921134586049,-34.9982950959282,2025-10-15,15.077545166015625
14.030246921208,10,149.921134586049,-33.2662442883593,2025-10-15,14.112701416015625
17.81123122151,10,149.921134586049,-31.5341934807904,2025-10-15,19.974029541015625
18.9654797230049,10,149.921134586049,-29.8021426732215,2025-10-15,22.683013916015625
20.1359149980394,10,149.921134586049,-28.0700918656527,2025-10-15,25.157623291015625
21.0573842588515,10,149.921134586049,-26.3380410580838,2025-10-15,24.833404541015625
22.2820989576216,10,149.921134586049,-24.6059902505149,2025-10-15,26.655670166015625
23.2228644696064,10,149.921134586049,-22.873939442946,2025-10-15,25.192779541015625
16.9495060093055,10,150.421134586049,-34.1322696921437,2025-10-15,16.917388916015625
17.1339139473751,10,150.421134586049,-32.4002188845748,2025-10-15,19.333404541015625
18.2192789918492,10,150.421134586049,-30.668168077006,2025-10-15,20.468170166015625
18.3980720206683,10,150.421134586049,-28.9361172694371,2025-10-15,23.934967041015625
21.0484912749071,10,150.421134586049,-27.2040664618682,2025-10-15,24.870513916015625
21.6635573251331,10,150.421134586049,-25.4720156542993,2025-10-15,24.696685791015625
23.2754759778423,10,150.421134586049,-23.7399648467305,2025-10-15,24.028717041015625
17.7073751331341,10,150.921134586049,-33.2662442883593,2025-10-15,19.567779541015625
17.9021831031165,10,150.921134586049,-31.5341934807904,2025-10-15,17.974029541015625
15.7410108598402,10,150.921134586049,-29.8021426732215,2025-10-15,19.864654541015625
19.0955474561548,10,150.921134586049,-28.0700918656527,2025-10-15,23.766998291015625
21.3031727538888,10,150.921134586049,-26.3380410580838,2025-10-15,23.979888916015625
22.0653086342892,10,150.921134586049,-24.6059902505149,2025-10-15,22.972076416015625
17.7018741808611,10,151.421134586049,-32.4002188845748,2025-10-15,20.140045166015625
17.0636787689866,10,151.421134586049,-30.668168077006,2025-10-15,16.714263916015625
17.3809694083293,10,151.421134586049,-28.9361172694371,2025-10-15,21.903717041015625
20.7549684380372,10,151.421134586049,-27.2040664618682,2025-10-15,23.956451416015625
21.8140704321826,10,151.421134586049,-25.4720156542993,2025-10-15,24.483795166015625
17.6529561905085,10,151.921134586049,-31.5341934807904,2025-10-15,18.899810791015625
17.0782278858013,10,151.921134586049,-29.8021426732215,2025-10-15,16.886138916015625
19.5602915105747,10,151.921134586049,-28.0700918656527,2025-10-15,22.204498291015625
21.3561708488732,10,151.921134586049,-26.3380410580838,2025-10-15,22.968170166015625
21.5231705939829,10,151.921134586049,-24.6059902505149,2025-10-15,23.606842041015625
17.598730828794,10,152.421134586049,-32.4002188845748,2025-10-15,20.638092041015625
17.9626324145232,10,152.421134586049,-30.668168077006,2025-10-15,20.554107666015625
18.5512419639822,10,152.421134586049,-28.9361172694371,2025-10-15,20.788482666015625
20.3911101385317,10,152.421134586049,-27.2040664618682,2025-10-15,23.604888916015625
21.430823268583,10,152.421134586049,-25.4720156542993,2025-10-15,23.659576416015625
18.6285869169814,10,152.921134586049,-29.8021426732215,2025-10-15,21.583404541015625
20.1567400974538,10,152.921134586049,-28.0700918656527,2025-10-15,21.952545166015625
21.070561482096,10,152.921134586049,-26.3380410580838,2025-10-15,22.886138916015625
19.2395258523365,10,153.421134586049,-28.9361172694371,2025-10-15,22.061920166015625
